id,file_name,width,height,split,source_zip,source_entry,sha256,annotation_status,privacy
1,prescription_0001.jpg,304,351,train,C:\Users\tharu\Downloads\archive.zip,data/1.jpg,33cebf97759ee401a51888d144bdb3772d414c1f65308b755d81c4aff5c34c82,needs_review,contains_sensitive_medical_document
2,prescription_0002.jpg,720,1280,train,C:\Users\tharu\Downloads\archive.zip,data/2.jpg,10c43d9d709dd699b60df65804972132888449a1e8f14f536c35cb77609bb89e,needs_review,contains_sensitive_medical_document
3,prescription_0003.jpg,400,261,train,C:\Users\tharu\Downloads\archive.zip,data/3.jpg,1770ce3d1a1dabef1d3c0bc122aa4d25c25324bb5b5cf7e2b0f4e78294fbd9c8,needs_review,contains_sensitive_medical_document
4,prescription_0004.jpg,2400,3600,train,C:\Users\tharu\Downloads\archive.zip,data/4.jpg,7ff41f6440dd18fa0fa019fbe5c25d72a0b5a3c4255143982f6205fff266c8f0,needs_review,contains_sensitive_medical_document
5,prescription_0005.jpg,1024,1024,train,C:\Users\tharu\Downloads\archive.zip,data/5.jpg,9c7f4a17d0a669ce70d6d7473c67232a0f02fe7b61d9af62e0b8d21623d82fce,needs_review,contains_sensitive_medical_document
6,prescription_0006.jpg,675,1200,train,C:\Users\tharu\Downloads\archive.zip,data/6.jpg,a2899a223323ec791b512c02c88667c0aeeaba0b644e97713e9174fe3223e09c,needs_review,contains_sensitive_medical_document
7,prescription_0007.jpg,1024,1024,test,C:\Users\tharu\Downloads\archive.zip,data/7.jpg,f9b726f4ab37c2d97cdd2b9cbb28b21d2e0a334863085cbb648da5cc9b5bea87,needs_review,contains_sensitive_medical_document
8,prescription_0008.jpg,1592,1879,train,C:\Users\tharu\Downloads\archive.zip,data/8.jpg,83395d897852774b941480c59be16c82fd8d2126a27c1357eb03bac634fc8a6c,needs_review,contains_sensitive_medical_document
9,prescription_0009.jpg,624,498,train,C:\Users\tharu\Downloads\archive.zip,data/9.jpg,6994ae0431af1b6317e7ff040e786be3e9ac78309ab86e1785db22db35fe9ce7,needs_review,contains_sensitive_medical_document
10,prescription_0010.jpg,960,1280,train,C:\Users\tharu\Downloads\archive.zip,data/10.jpg,8e9da3ea572989d50af64c660f800d9282c88a575ad044a5ea33db28c653ecf0,needs_review,contains_sensitive_medical_document
11,prescription_0011.jpg,1024,1024,test,C:\Users\tharu\Downloads\archive.zip,data/11.jpg,f93844c8c0bd242b384014024b7c0cda48dbcfcdc073ef45c6132e13002514b7,needs_review,contains_sensitive_medical_document
12,prescription_0012.jpg,1110,344,test,C:\Users\tharu\Downloads\archive.zip,data/12.jpg,f3b2203b100f86744008126df1fb3ef69249ffd1b90c1f892bb474fbf7f232db,needs_review,contains_sensitive_medical_document
13,prescription_0013.jpg,1280,720,val,C:\Users\tharu\Downloads\archive.zip,data/13.jpg,d436b348f76884c3621de62b9ad48fcd42c80d5b6305195ab7e22ae46307b9ed,needs_review,contains_sensitive_medical_document
14,prescription_0014.jpg,864,1152,train,C:\Users\tharu\Downloads\archive.zip,data/14.jpg,592d72636155f1c1c81ead92384acf772bc0d61078e7bf085f641f6728ddf0e0,needs_review,contains_sensitive_medical_document
15,prescription_0015.jpg,635,386,train,C:\Users\tharu\Downloads\archive.zip,data/15.jpg,66dec2f98271ad9a6975ffc2bbbf53d41a7b1a74b4bb09becbfcc4aa2379f5d7,needs_review,contains_sensitive_medical_document
16,prescription_0016.jpg,304,166,val,C:\Users\tharu\Downloads\archive.zip,data/16.jpg,d2f6a7225e42cd6dd5d8b3fa67d7e93691216b64d44ef616e40ca1dd898d4e64,needs_review,contains_sensitive_medical_document
17,prescription_0017.jpg,1227,1600,train,C:\Users\tharu\Downloads\archive.zip,data/17.jpg,a863e6087b112ac863fbc20fb230384aba3bcc7fa642c4175c2b47160652328c,needs_review,contains_sensitive_medical_document
18,prescription_0018.jpg,500,389,train,C:\Users\tharu\Downloads\archive.zip,data/18.jpg,24c5a481620737c4392454da0ae6ceea06c0ad8bd880b7c5e627532941c262d8,needs_review,contains_sensitive_medical_document
19,prescription_0019.jpg,640,644,train,C:\Users\tharu\Downloads\archive.zip,data/19.jpg,9dc57444806021300554c9574a4464b99dafda5532e87fa9807de78f4c990210,needs_review,contains_sensitive_medical_document
20,prescription_0020.jpg,200,274,test,C:\Users\tharu\Downloads\archive.zip,data/20.jpg,f9f018dd4230d0e838eba52ff3ad31e6ca59ed8fd9ad0249cb3d6452e2c8f74d,needs_review,contains_sensitive_medical_document
21,prescription_0021.jpg,750,435,train,C:\Users\tharu\Downloads\archive.zip,data/21.jpg,a29724dc2c0fb454c0f4d4b2b85e190ee42bfcfd52f2580f493059139ab1b027,needs_review,contains_sensitive_medical_document
22,prescription_0022.jpg,400,334,train,C:\Users\tharu\Downloads\archive.zip,data/22.jpg,2a217412be044d0e5c3f692b40c8982d41d8a60f496e41ce0b091e94357a4b3c,needs_review,contains_sensitive_medical_document
23,prescription_0023.jpg,602,803,train,C:\Users\tharu\Downloads\archive.zip,data/23.jpg,2d542beba255f72d38bccb9bf05c931924b8e97150f73426078bb835506934a0,needs_review,contains_sensitive_medical_document
24,prescription_0024.jpg,1734,2307,train,C:\Users\tharu\Downloads\archive.zip,data/24.jpg,3e651664ac804fc0d65bf6538be4b5a05a988ff8f799944aafa810851139eb73,needs_review,contains_sensitive_medical_document
25,prescription_0025.jpg,400,347,train,C:\Users\tharu\Downloads\archive.zip,data/25.jpg,68866894b7ce2ec8d1aa28083c9a6445b2cf1e988ac0f8ccf6601249eb078b27,needs_review,contains_sensitive_medical_document
26,prescription_0026.jpg,440,334,train,C:\Users\tharu\Downloads\archive.zip,data/26.jpg,225a52cba1f9371982b14463f812d1a7428c6e578927111d80fe3036231606f5,needs_review,contains_sensitive_medical_document
27,prescription_0027.jpg,921,1361,test,C:\Users\tharu\Downloads\archive.zip,data/27.jpg,f92dfd41e354b3dd496f84e149ee6bb4aa17f78a2d2397fb1dc0d35dafb0fa64,needs_review,contains_sensitive_medical_document
28,prescription_0028.jpg,576,1024,train,C:\Users\tharu\Downloads\archive.zip,data/28.jpg,41e7d39c435b313adabff8ba6e8d4a54e0c824981349db46075a41852b34f4d6,needs_review,contains_sensitive_medical_document
29,prescription_0029.jpg,685,938,train,C:\Users\tharu\Downloads\archive.zip,data/29.jpg,20501a6185259e79af3c1edd359b46bcda4c6094807d880fdf24599ed81612b5,needs_review,contains_sensitive_medical_document
30,prescription_0030.jpg,1299,1600,test,C:\Users\tharu\Downloads\archive.zip,data/30.jpg,fde76aa5e904e4b0673d7e27940bd18ac1c86771aaf41d54d9946603acd15f4d,needs_review,contains_sensitive_medical_document
31,prescription_0031.jpg,400,435,train,C:\Users\tharu\Downloads\archive.zip,data/31.jpg,0cc4be046ef5c3373b810aced51ffbebdf88856546f3ffb2508d7bc03814649c,needs_review,contains_sensitive_medical_document
32,prescription_0032.jpg,312,500,train,C:\Users\tharu\Downloads\archive.zip,data/32.jpg,9a93362b22c5e20611aba919c7d93585dbcd0d357655e1b7a296d01ae6bb4f9d,needs_review,contains_sensitive_medical_document
33,prescription_0033.jpg,960,1280,train,C:\Users\tharu\Downloads\archive.zip,data/33.jpg,989be7c7a47f3540f5d35e19d4992a07b059698aaa968b236d1615528acd4839,needs_review,contains_sensitive_medical_document
34,prescription_0034.jpg,640,737,train,C:\Users\tharu\Downloads\archive.zip,data/34.jpg,45628b9218f27517f22b7339596b6a2025d11609a6f27f0e130f2248b5e62b8f,needs_review,contains_sensitive_medical_document
35,prescription_0035.jpg,232,218,test,C:\Users\tharu\Downloads\archive.zip,data/35.jpg,ecd7472710fe1499c66a286e69bff4267bd336a91b73dd9db71f70d5c5fa7290,needs_review,contains_sensitive_medical_document
36,prescription_0036.jpg,604,900,train,C:\Users\tharu\Downloads\archive.zip,data/36.jpg,a7e396b5d684e5ee25828de2910fa22a4526db34c1d3ddcbe1ae859b36967c87,needs_review,contains_sensitive_medical_document
37,prescription_0037.jpg,750,575,train,C:\Users\tharu\Downloads\archive.zip,data/37.jpg,38734d50100bc2f6dc3e8642a6893bca2394fe26febf29fc6455103ac59e2d71,needs_review,contains_sensitive_medical_document
38,prescription_0038.jpg,1800,2559,train,C:\Users\tharu\Downloads\archive.zip,data/38.jpg,2503283ea7069e7f8f882ef288bc4b349e32dad2754be62125f47a51f2ec50ac,needs_review,contains_sensitive_medical_document
39,prescription_0039.jpg,262,193,test,C:\Users\tharu\Downloads\archive.zip,data/39.jpg,dc293e0bcd4e9ea423d4c38704ede1fabc8fbb568f2a3d73abef23c4122dfbe4,needs_review,contains_sensitive_medical_document
40,prescription_0040.jpg,720,1280,val,C:\Users\tharu\Downloads\archive.zip,data/40.jpg,bf8ae3778e52e37fb006118caf22c8e7c54a75c7fdae74c73f80e61377427814,needs_review,contains_sensitive_medical_document
41,prescription_0041.jpg,400,461,train,C:\Users\tharu\Downloads\archive.zip,data/41.jpg,29e6e0daebfc57c0ebb5e56d37513a9b79c72b94d763aa0b820596dc8e112bcf,needs_review,contains_sensitive_medical_document
42,prescription_0042.jpg,944,1164,train,C:\Users\tharu\Downloads\archive.zip,data/42.jpg,a51d7d9695eba772e9982897f6925ca1f423c1a72a730be663abfb041ee50879,needs_review,contains_sensitive_medical_document
43,prescription_0043.jpg,276,400,train,C:\Users\tharu\Downloads\archive.zip,data/43.jpg,3cbf314c4bc2d33e2f1d2d3f49d98e3acaa66f52d49b4b9f6c048f8a6194b36d,needs_review,contains_sensitive_medical_document
44,prescription_0044.jpg,800,458,test,C:\Users\tharu\Downloads\archive.zip,data/44.jpg,e572f29be53e6250287310e5b76569a3ffe8fec0df5d20ce6d6557aff7ae45a5,needs_review,contains_sensitive_medical_document
45,prescription_0045.jpg,1024,1024,test,C:\Users\tharu\Downloads\archive.zip,data/45.jpg,ea2a3231f4083465a8485594d00eac1572dd0953dddb5422f0d80c355627cb9a,needs_review,contains_sensitive_medical_document
46,prescription_0046.jpg,768,1024,train,C:\Users\tharu\Downloads\archive.zip,data/46.jpg,af9be2279e487d6803a02f94aebba8fea906e7a9c9b4e21bd3484d5c55f33212,needs_review,contains_sensitive_medical_document
47,prescription_0047.jpg,191,263,train,C:\Users\tharu\Downloads\archive.zip,data/47.jpg,2a7410211d7075c85465859d778593c412a208813479392aac3b60139f2e2a10,needs_review,contains_sensitive_medical_document
48,prescription_0048.jpg,424,224,train,C:\Users\tharu\Downloads\archive.zip,data/48.jpg,1e19f5fdc1ec3492dda4ad04756792333a7185ad2e616ba835770576d83bb6bb,needs_review,contains_sensitive_medical_document
49,prescription_0049.jpg,462,283,train,C:\Users\tharu\Downloads\archive.zip,data/49.jpg,86bf8443db82bea01d05c79430c0ae680f4b5f001d51776882c187497c25c50a,needs_review,contains_sensitive_medical_document
50,prescription_0050.jpg,701,1000,test,C:\Users\tharu\Downloads\archive.zip,data/50.jpg,df0f7784ec201d97ee311f1f9c580f6f01bd38994f1c09e029d804ff417652cc,needs_review,contains_sensitive_medical_document
51,prescription_0051.jpg,685,915,train,C:\Users\tharu\Downloads\archive.zip,data/51.jpg,62dc02ac56e270ddb8b2a3ab94121fb9d9c17f169d1382abe8d5128d6fae89ed,needs_review,contains_sensitive_medical_document
52,prescription_0052.jpg,1023,770,train,C:\Users\tharu\Downloads\archive.zip,data/52.jpg,3009713925b63ef1ab90e57753316efa81bd549678ebcb069d366bc6003ed2e1,needs_review,contains_sensitive_medical_document
53,prescription_0053.jpg,810,1053,val,C:\Users\tharu\Downloads\archive.zip,data/53.jpg,cc72a7299a81aedecd65389d4775f8ba13f97477f31965c32323270a471db1dc,needs_review,contains_sensitive_medical_document
54,prescription_0054.jpg,600,424,train,C:\Users\tharu\Downloads\archive.zip,data/54.jpg,74a6a4336f14f6a883b69e36c1b80c8301c7c3f3e19aa5e130de8dfc63b3bef6,needs_review,contains_sensitive_medical_document
55,prescription_0055.jpg,648,839,test,C:\Users\tharu\Downloads\archive.zip,data/55.jpg,fcb6294a3c6d88521a5efb246dbe7a326f3c151b46e9891a05404bb1b0b0c44d,needs_review,contains_sensitive_medical_document
56,prescription_0056.jpg,537,403,val,C:\Users\tharu\Downloads\archive.zip,data/56.jpg,bbb04634d90e5ea18ca1f2c9d3cf7b722c471b43030c17b50a93346cfb626545,needs_review,contains_sensitive_medical_document
57,prescription_0057.jpg,984,1138,train,C:\Users\tharu\Downloads\archive.zip,data/57.jpg,6e5cd53015b3c76c6dc986124f8c504a17714363f6db77b03837f5e3d3c13d66,needs_review,contains_sensitive_medical_document
58,prescription_0058.jpg,1024,1024,test,C:\Users\tharu\Downloads\archive.zip,data/58.jpg,e2271f560562ca8717c5d44d8aa04e61dd97ae82f164355f1a3c3110f29579ba,needs_review,contains_sensitive_medical_document
59,prescription_0059.jpg,1000,562,train,C:\Users\tharu\Downloads\archive.zip,data/59.jpg,9505aa04098ca753d8896b230ee7c154554a77e3e7ea4394dc8dbded4a643745,needs_review,contains_sensitive_medical_document
60,prescription_0060.jpg,824,1280,train,C:\Users\tharu\Downloads\archive.zip,data/60.jpg,33ac6a0dace474a900e99b17f0520df2a0cc343946a9e8c72152d4e19a3494f1,needs_review,contains_sensitive_medical_document
61,prescription_0061.jpg,755,901,train,C:\Users\tharu\Downloads\archive.zip,data/61.jpg,736591e9de94f4f2bcbe1981166a4036a58f4881d6b428e57645e6d9a552a95f,needs_review,contains_sensitive_medical_document
62,prescription_0062.jpg,560,560,val,C:\Users\tharu\Downloads\archive.zip,data/62.jpg,ce879fe30c118ef14d7be90fb550aad5a0d1a82adfd19cc5062b949a48830fec,needs_review,contains_sensitive_medical_document
63,prescription_0063.jpg,2061,2270,train,C:\Users\tharu\Downloads\archive.zip,data/63.jpg,5453bdac8662bed49342599a97ef9b0f08dd2de65307b2755ca8de8e2e975759,needs_review,contains_sensitive_medical_document
64,prescription_0064.jpg,680,446,train,C:\Users\tharu\Downloads\archive.zip,data/64.jpg,21981d9e3d45277ea31bc90a82ec51fc008ef31c52907c5100357bf740d47b5a,needs_review,contains_sensitive_medical_document
65,prescription_0065.jpg,584,892,train,C:\Users\tharu\Downloads\archive.zip,data/65.jpg,394915d14f1725fcc83a5799c0a1acc2edd4d8a048584bb6f47df0d64005d3e6,needs_review,contains_sensitive_medical_document
66,prescription_0066.jpg,2400,3600,val,C:\Users\tharu\Downloads\archive.zip,data/66.jpg,d368a0dd90ac2352a646fec427f9ae2e6330fa3e13d5adbe9eb7f34653a63185,needs_review,contains_sensitive_medical_document
67,prescription_0067.jpg,1200,1600,train,C:\Users\tharu\Downloads\archive.zip,data/67.jpg,92be50e51f72a85ecf7ab0d891c5daba591d9a8ba7fcf9dd952adcee0c78e5de,needs_review,contains_sensitive_medical_document
68,prescription_0068.jpg,1637,1050,train,C:\Users\tharu\Downloads\archive.zip,data/68.jpg,afaecfc92608bd1fcf7be3e80d39523b0c64e2de11902b5bda881f9cbe9aa391,needs_review,contains_sensitive_medical_document
69,prescription_0069.jpg,363,139,train,C:\Users\tharu\Downloads\archive.zip,data/69.jpg,02d0d836e1b9df6887ac1d8a2d395ef6c25f9002bbf4beec3c08b58b948b5514,needs_review,contains_sensitive_medical_document
70,prescription_0070.jpg,400,461,train,C:\Users\tharu\Downloads\archive.zip,data/70.jpg,29e6e0daebfc57c0ebb5e56d37513a9b79c72b94d763aa0b820596dc8e112bcf,needs_review,contains_sensitive_medical_document
71,prescription_0071.jpg,1089,675,train,C:\Users\tharu\Downloads\archive.zip,data/71.jpg,069143f594c4179ea8183adeafc7f6dcc68f2fc041cf260615f8bca3b1932802,needs_review,contains_sensitive_medical_document
72,prescription_0072.jpg,767,1023,train,C:\Users\tharu\Downloads\archive.zip,data/72.jpg,754ec4d6d547149a3700077d11ba9a368642588a42da1980130a41001d51a87d,needs_review,contains_sensitive_medical_document
73,prescription_0073.jpg,864,864,train,C:\Users\tharu\Downloads\archive.zip,data/73.jpg,88962d2d1723a26e2a828212bb0dc2f964ab2350ca85ebb626add82f20cf1487,needs_review,contains_sensitive_medical_document
74,prescription_0074.jpg,960,1280,train,C:\Users\tharu\Downloads\archive.zip,data/74.jpg,22b8b1af1910e0ab56ee8f3cf9f1d8de6576b85eb93111d702813a5bb99a0e26,needs_review,contains_sensitive_medical_document
75,prescription_0075.jpg,850,721,train,C:\Users\tharu\Downloads\archive.zip,data/75.jpg,2f03793bca164962f9dbdbab74c2aabba4245df243d1a69f1426d1262af5288b,needs_review,contains_sensitive_medical_document
76,prescription_0076.jpg,291,173,train,C:\Users\tharu\Downloads\archive.zip,data/76.jpg,b439ad296f13c732765474261c48e12d799c91f8624031c367366115de785ec2,needs_review,contains_sensitive_medical_document
77,prescription_0077.jpg,304,347,train,C:\Users\tharu\Downloads\archive.zip,data/77.jpg,777f16bd8a50748d8c45ab31b269ed8d85fdd67d2c355dc782c8a3a44e048e60,needs_review,contains_sensitive_medical_document
78,prescription_0078.jpg,602,715,test,C:\Users\tharu\Downloads\archive.zip,data/78.jpg,dd27176b7dd34ff81268db737ba7d960e45f34052f3ceaca1681c0ab3e5ea63e,needs_review,contains_sensitive_medical_document
79,prescription_0079.jpg,1200,1567,test,C:\Users\tharu\Downloads\archive.zip,data/79.jpg,fc74bb589b4833617618af6e233cf48cc5c3d05e019a35dd55ca74396296038a,needs_review,contains_sensitive_medical_document
80,prescription_0080.jpg,750,898,train,C:\Users\tharu\Downloads\archive.zip,data/80.jpg,0e70159ab72ebd22c82b40127f142034eea4af122af41fba7890ecd5f400ade5,needs_review,contains_sensitive_medical_document
81,prescription_0081.jpg,1024,1024,val,C:\Users\tharu\Downloads\archive.zip,data/81.jpg,c0f846d4b83cb02584fc012481f63bd69e2a7cfaf27acd460259bd1665d8f933,needs_review,contains_sensitive_medical_document
82,prescription_0082.jpg,1024,1024,train,C:\Users\tharu\Downloads\archive.zip,data/82.jpg,3d46970ec44c6cefbe48d76e3abf26c4fafdbc27ae5e76828ed76db856f488e4,needs_review,contains_sensitive_medical_document
83,prescription_0083.jpg,808,515,val,C:\Users\tharu\Downloads\archive.zip,data/83.jpg,c269643e7f70fbc4d5c5dd2fc1a2b549e2fd75d8dc4cd630a1b8d9c96ff20aab,needs_review,contains_sensitive_medical_document
84,prescription_0084.jpg,960,1280,train,C:\Users\tharu\Downloads\archive.zip,data/84.jpg,4be9d34ba4e4b7ab42ab9eed085f9a8b71cf832236d7198d83885fb8bf9066b1,needs_review,contains_sensitive_medical_document
85,prescription_0085.jpg,3120,4160,train,C:\Users\tharu\Downloads\archive.zip,data/85.jpg,055294d35067d3f4f93ed39db57ab20dfb93f1ad78e7a92ab9389464217f9efe,needs_review,contains_sensitive_medical_document
86,prescription_0086.jpg,496,557,train,C:\Users\tharu\Downloads\archive.zip,data/86.jpg,035e3ae9af396f36986940ef9e58da54818aaa032bf08d6c5a848295a41d85cd,needs_review,contains_sensitive_medical_document
87,prescription_0087.jpg,750,435,train,C:\Users\tharu\Downloads\archive.zip,data/87.jpg,1d2e966721bba071fd6fa9afdd8514ee55f6a217db62b1e3adde87fb0ec7a1a8,needs_review,contains_sensitive_medical_document
88,prescription_0088.jpg,1103,689,train,C:\Users\tharu\Downloads\archive.zip,data/88.jpg,a112b0e651f73137eb817364ec4396ef08b3476642c32481fab44bdc45ba4e65,needs_review,contains_sensitive_medical_document
89,prescription_0089.jpg,525,401,train,C:\Users\tharu\Downloads\archive.zip,data/89.jpg,a806569c2466ff3e9086db5b549db75f107904af4f42ceec19961cd3e1a3bfc0,needs_review,contains_sensitive_medical_document
90,prescription_0090.jpg,400,449,train,C:\Users\tharu\Downloads\archive.zip,data/90.jpg,4fa45c68ca3d7c910642d5f586a07624591192df3ae991603269c9ee9e61dd06,needs_review,contains_sensitive_medical_document
91,prescription_0091.jpg,768,1024,train,C:\Users\tharu\Downloads\archive.zip,data/91.jpg,18ccbe978586603dc15ad60b7fa9c369b0f74e9116be579d88b5ccba3f6fd30c,needs_review,contains_sensitive_medical_document
92,prescription_0092.jpg,675,1200,val,C:\Users\tharu\Downloads\archive.zip,data/92.jpg,d63694b8f90190a4347f0d1fd310aa8f830c55838b5aa6f61b908e9642b5f3ef,needs_review,contains_sensitive_medical_document
93,prescription_0093.jpg,381,408,test,C:\Users\tharu\Downloads\archive.zip,data/93.jpg,ef5296dfd0fb68a4180976b3fdb9e52748098ad5345fff9baf476ea168d0179d,needs_review,contains_sensitive_medical_document
94,prescription_0094.jpg,755,901,train,C:\Users\tharu\Downloads\archive.zip,data/94.jpg,736591e9de94f4f2bcbe1981166a4036a58f4881d6b428e57645e6d9a552a95f,needs_review,contains_sensitive_medical_document
95,prescription_0095.jpg,726,1024,train,C:\Users\tharu\Downloads\archive.zip,data/95.jpg,b33a1707fddfcebd7dea0ee75267d8cc04882f5a398f58010124b59c1b2cd67d,needs_review,contains_sensitive_medical_document
96,prescription_0096.jpg,1234,818,train,C:\Users\tharu\Downloads\archive.zip,data/96.jpg,03cf8d882b233008cd4cc60712956f5d398ab289d911c9eeb8062b76077c1cc6,needs_review,contains_sensitive_medical_document
97,prescription_0097.jpg,744,900,val,C:\Users\tharu\Downloads\archive.zip,data/97.jpg,cd092423c42c3cfd54fb441a0332b53f41912b7c93bb0cceca09c2ce7f55e921,needs_review,contains_sensitive_medical_document
98,prescription_0098.jpg,720,1280,train,C:\Users\tharu\Downloads\archive.zip,data/98.jpg,665448d20a122ca30c92752d7e23e832dabe9a3b9cae2284a1ae6760650adcfa,needs_review,contains_sensitive_medical_document
99,prescription_0099.jpg,478,680,train,C:\Users\tharu\Downloads\archive.zip,data/99.jpg,b18f82ce26367d041f9c2593edd5848d96a4b6e677d83f67a622943ce0375056,needs_review,contains_sensitive_medical_document
100,prescription_0100.jpg,1200,921,train,C:\Users\tharu\Downloads\archive.zip,data/100.jpg,83073b39b38f80528728bcb07db78670856b6899bee2dcd5ca091c032025cac0,needs_review,contains_sensitive_medical_document
101,prescription_0101.jpg,1200,800,val,C:\Users\tharu\Downloads\archive.zip,data/101.jpg,d33619aa612322c476e5d0c78348356e120fcff262559bbab30685626d1dfca8,needs_review,contains_sensitive_medical_document
102,prescription_0102.jpg,706,596,test,C:\Users\tharu\Downloads\archive.zip,data/102.jpg,de281ffceaecfbe134f3cc1292a25ac713bb26c513f7f205e4b38a568b6b7138,needs_review,contains_sensitive_medical_document
103,prescription_0103.jpg,500,396,test,C:\Users\tharu\Downloads\archive.zip,data/103.jpg,d70e832b7b81bff5351936d12d4582be612289d80ab235ffa171d5770ca53e5c,needs_review,contains_sensitive_medical_document
104,prescription_0104.jpg,750,435,test,C:\Users\tharu\Downloads\archive.zip,data/104.jpg,e57b49a997af10a0ea0360940469c051ec973f55b054d5a67b81c9bb8ecf437d,needs_review,contains_sensitive_medical_document
105,prescription_0105.jpg,960,1280,val,C:\Users\tharu\Downloads\archive.zip,data/105.jpg,b6ed5919ce7c46c6f26d4f108ece3d462f5ed23d9f43670fdf3d22197a1ef501,needs_review,contains_sensitive_medical_document
106,prescription_0106.jpg,443,249,train,C:\Users\tharu\Downloads\archive.zip,data/106.jpg,7b6f555e04a0267b6cf367f39f364e2e978143bc62436bdac9b879931c1106f8,needs_review,contains_sensitive_medical_document
107,prescription_0107.jpg,1200,712,train,C:\Users\tharu\Downloads\archive.zip,data/107.jpg,9a9b35d7f309904df85b6790daa293f6c0442757921d5be226d1d501d51bb5ea,needs_review,contains_sensitive_medical_document
108,prescription_0108.jpg,2400,3600,train,C:\Users\tharu\Downloads\archive.zip,data/108.jpg,85f4dd19f6a3d698edca6e5d9af257afe07703007d2580043a406484f6bccdf7,needs_review,contains_sensitive_medical_document
109,prescription_0109.jpg,299,169,val,C:\Users\tharu\Downloads\archive.zip,data/109.jpg,c571c8b4037c674294e7e22516eb3cf1802de17bac59f053f97c06a76cf6a333,needs_review,contains_sensitive_medical_document
110,prescription_0110.jpg,733,524,test,C:\Users\tharu\Downloads\archive.zip,data/110.jpg,fc694f507e9cfd9cfff6e47ff85811ac49e6d56dc62bcdadda48260a12c7396e,needs_review,contains_sensitive_medical_document
111,prescription_0111.jpg,1024,1024,train,C:\Users\tharu\Downloads\archive.zip,data/111.jpg,8a98e226d8babb689d625bbf678ce5b380e65472d7e9d5a205309d6d094c1ffb,needs_review,contains_sensitive_medical_document
112,prescription_0112.jpg,500,654,train,C:\Users\tharu\Downloads\archive.zip,data/112.jpg,781dbae3381df54ec930c75886a622e2ec4380cd49c95709c46bd4ed0a1fde80,needs_review,contains_sensitive_medical_document
113,prescription_0113.jpg,576,608,train,C:\Users\tharu\Downloads\archive.zip,data/113.jpg,95cfc9d07bfe93f0f8cab14ef8829f5c3881eb06df7c23f81650a500225185c4,needs_review,contains_sensitive_medical_document
114,prescription_0114.jpg,808,515,val,C:\Users\tharu\Downloads\archive.zip,data/114.jpg,c269643e7f70fbc4d5c5dd2fc1a2b549e2fd75d8dc4cd630a1b8d9c96ff20aab,needs_review,contains_sensitive_medical_document
115,prescription_0115.jpg,675,1200,train,C:\Users\tharu\Downloads\archive.zip,data/115.jpg,8e5919589b6d06ff3df528759ed0063918a46761ffba0e07a653582dc4932c1d,needs_review,contains_sensitive_medical_document
116,prescription_0116.jpg,547,1200,train,C:\Users\tharu\Downloads\archive.zip,data/116.jpg,609ed3eb26f2404226108f688e537a1840d154420b0789dbc1db3a98ad2251a1,needs_review,contains_sensitive_medical_document
117,prescription_0117.jpg,328,153,val,C:\Users\tharu\Downloads\archive.zip,data/117.jpg,be5f670e2477d13a0501b6c51a4c537ece5ac8c6ab9e8355dca1ae897cfc8a7a,needs_review,contains_sensitive_medical_document
118,prescription_0118.jpg,1024,1024,train,C:\Users\tharu\Downloads\archive.zip,data/118.jpg,25b4753b2fed13bffdb2113a35dd9dee18d24c105904f8b976f1e4f0949d84fb,needs_review,contains_sensitive_medical_document
119,prescription_0119.jpg,2400,3600,train,C:\Users\tharu\Downloads\archive.zip,data/119.jpg,6b215b30f87cec7664b856f6a27b57ecd173bf82619cf59a1f2f21d7f60f6c25,needs_review,contains_sensitive_medical_document
120,prescription_0120.jpg,340,270,train,C:\Users\tharu\Downloads\archive.zip,data/120.jpg,8102c685b544f012ce600a114e7dda87e606224e3885bb2b50f26d3d299e96b0,needs_review,contains_sensitive_medical_document
121,prescription_0121.jpg,800,450,train,C:\Users\tharu\Downloads\archive.zip,data/121.jpg,b35c6a66aff15012ed48f52344727e975998693a95235a0e3173df6935b025cd,needs_review,contains_sensitive_medical_document
122,prescription_0122.jpg,630,354,train,C:\Users\tharu\Downloads\archive.zip,data/122.jpg,023da996196f3df31070abc1b8798bd5b26f5646d6f07910622394863b159a4c,needs_review,contains_sensitive_medical_document
123,prescription_0123.jpg,400,308,train,C:\Users\tharu\Downloads\archive.zip,data/123.jpg,1778f33e4e70b11a83c9e05ec6e22cdf9fd513e4e4a512ba1b72d93deafe11db,needs_review,contains_sensitive_medical_document
124,prescription_0124.jpg,1872,2752,train,C:\Users\tharu\Downloads\archive.zip,data/124.jpg,982dafc63305bbf3e17980138a99eeb41b93fc0ec0be3dab2cf60ead847c21f4,needs_review,contains_sensitive_medical_document
125,prescription_0125.jpg,675,1200,val,C:\Users\tharu\Downloads\archive.zip,data/125.jpg,d256dee2550ec9f63846a85c5d732a0a477a666fd1999a29fbf0a0c41fea9a9f,needs_review,contains_sensitive_medical_document
126,prescription_0126.jpg,424,371,val,C:\Users\tharu\Downloads\archive.zip,data/126.jpg,c48350916793c81f03556509e0b7df684bc9cf9ef7090d180004fc1b4af55705,needs_review,contains_sensitive_medical_document
127,prescription_0127.jpg,196,257,train,C:\Users\tharu\Downloads\archive.zip,data/127.jpg,1533f6a98c48d8234bcfed08dcca513ebf2598f2a68ba007d4b9b59e12a928e2,needs_review,contains_sensitive_medical_document
128,prescription_0128.jpg,2400,3600,val,C:\Users\tharu\Downloads\archive.zip,data/128.jpg,b9d4f841982255b3936839c85e20fcfc464db7f37aefad924699e962d9e9365c,needs_review,contains_sensitive_medical_document
129,prescription_0129.jpg,400,436,train,C:\Users\tharu\Downloads\archive.zip,data/129.jpg,4fd869d0e865b58bf8e85ebe9faf7a1bded4511fe95f264cb3e28348f9e3b0ed,needs_review,contains_sensitive_medical_document
